[{	
	"idType" : 1,
	"employee" : 1,
	"documentNo" : "NPR45787",
	"nameAsPerDoc" : "S Raj Kumar",
	"ifscCode" : "",
	"expiryDate": "2021-01-01T00:00:00",
	"verified": true,
	"verifiedDate": "2019-02-01T00:05:30",
	"enableMasking": true
},{
	"idType" : 2,
	"employee" : 5,
	"documentNo" : "456325875413",
	"nameAsPerDoc" : "D Mohan Rao",
	"ifscCode" : "",
	"expiryDate": "2022-02-02T00:00:00",
	"verified": true,
	"verifiedDate": "2019-02-02T00:05:30",
	"enableMasking": true
},{
	"idType" : 3,
	"employee" : 6,
	"documentNo" : "ACTPH5546G",
	"nameAsPerDoc" : "P Madhu",
	"ifscCode" : "",
	"expiryDate": "2022-02-02T00:00:00",
	"verified": true,
	"verifiedDate": "2019-02-02T00:05:30",
	"enableMasking": true
},{
	"idType" : 4,
	"employee" : 11,
	"documentNo" : "508159682263",
	"nameAsPerDoc" : "Aadesh Hiralal Sonar",
	"ifscCode" : "CITI0000004",
	"expiryDate": "",
	"verified": true,
	"verifiedDate": "2019-02-02T00:05:30",
	"enableMasking": true
},{
	"idType" : 5,
	"employee" : 19,
	"documentNo" : "J478747",
	"nameAsPerDoc" : "P Hari Hara Rao",
	"ifscCode" : "",
	"expiryDate": "2030-02-02T00:05:30",
	"verified": true,
	"verifiedDate": "2019-02-02T00:05:30",
	"enableMasking": true
},{
	"idType" : 6,
	"employee" : 21,
	"documentNo" : "KA05 201300006934",
	"nameAsPerDoc" : "A Kalyan Kumar",
	"ifscCode" : "",
	"expiryDate": "2025-02-02T00:05:30",
	"verified": true,
	"verifiedDate": "2019-02-02T00:05:30",
	"enableMasking": true
},{
	"idType" : 7,
	"employee" : 24,
	"documentNo" : "REJ0478976",
	"nameAsPerDoc" : "Lipika  Jena",
	"ifscCode" : "",
	"expiryDate": "2025-02-02T00:05:30",
	"verified": true,
	"verifiedDate": "2019-02-02T00:05:30",
	"enableMasking": true
},{
	"idType" : 8,
	"employee" : 25,
	"documentNo" : "RANCARD44787",
	"nameAsPerDoc" : "Madan Mohan",
	"ifscCode" : "",
	"expiryDate": "2027-05-02T00:05:30",
	"verified": true,
	"verifiedDate": "2019-02-02T00:05:30",
	"enableMasking": true
},{
	"idType" : 9,
	"employee" : 83,
	"documentNo" : "PRAN5478747",
	"nameAsPerDoc" : "Nandish Shetty",
	"ifscCode" : "",
	"expiryDate": "2027-05-02T00:05:30",
	"verified": true,
	"verifiedDate": "2019-02-02T00:05:30",
	"enableMasking": true
}]