<?xml version="1.0" encoding="UTF-8"?>
<robot rpa="false" generated="20191120 15:40:34.107" generator="Robot 3.1.2rc1 (Python 2.7.15 on win32)">
<suite source="F:\APItesting\PivalutAPI" id="s1" name="PivalutAPI">
<suite source="F:\APItesting\PivalutAPI\test_suites" id="s1-s1" name="Test Suites">
<suite source="F:\APItesting\PivalutAPI\test_suites\SingleAPI.robot" id="s1-s1-s1" name="SingleAPI">
<test id="s1-s1-s1-t1" name="Single API Request">
<kw name="Single API request without Mask Format" library="test_bed_parser">
<kw name="Get Test Bed File Post Request Withoutmask" library="test_bed_parser">
<assign>
<var>${test_bed_file}</var>
</assign>
<kw name="Get Home Dir" library="misc_utilties">
<assign>
<var>${home_dir}</var>
</assign>
<kw name="Set Variable" library="BuiltIn">
<doc>Returns the given values which can then be assigned to a variables.</doc>
<arguments>
<arg>F:\\APItesting\\PivalutAPI\\utilities\\misc_utilities/../..</arg>
</arguments>
<assign>
<var>${home_dir}</var>
</assign>
<msg timestamp="20191120 15:40:35.025" level="INFO">${home_dir} = F:\APItesting\PivalutAPI\utilities\misc_utilities/../..</msg>
<status status="PASS" endtime="20191120 15:40:35.026" starttime="20191120 15:40:35.025"></status>
</kw>
<msg timestamp="20191120 15:40:35.027" level="INFO">${home_dir} = F:\APItesting\PivalutAPI\utilities\misc_utilities/../..</msg>
<status status="PASS" endtime="20191120 15:40:35.027" starttime="20191120 15:40:35.024"></status>
</kw>
<kw name="Get File" library="OperatingSystem">
<doc>Returns the contents of a specified file.</doc>
<arguments>
<arg>${home_dir}//config//api_post_withoutmask.json</arg>
</arguments>
<assign>
<var>${test_bed_file}</var>
</assign>
<msg timestamp="20191120 15:40:35.029" html="yes" level="INFO">Getting file '&lt;a href="file://F:\APItesting\PivalutAPI\config\api_post_withoutmask.json"&gt;F:\APItesting\PivalutAPI\config\api_post_withoutmask.json&lt;/a&gt;'.</msg>
<msg timestamp="20191120 15:40:35.030" level="INFO">${test_bed_file} = {
	"idType" : 6,
	"employee" : 17,
	"documentNo" : "KA05 255455",
	"nameAsPerDoc" : "Shruthi Shetty",
	"ifscCode" : "",
	"expiryDate": "2022-01-01T00:00:00",
	"verified": true,
	"verifiedDate": "2019-...</msg>
<status status="PASS" endtime="20191120 15:40:35.030" starttime="20191120 15:40:35.028"></status>
</kw>
<msg timestamp="20191120 15:40:35.031" level="INFO">${test_bed_file} = {
	"idType" : 6,
	"employee" : 17,
	"documentNo" : "KA05 255455",
	"nameAsPerDoc" : "Shruthi Shetty",
	"ifscCode" : "",
	"expiryDate": "2022-01-01T00:00:00",
	"verified": true,
	"verifiedDate": "2019-...</msg>
<status status="PASS" endtime="20191120 15:40:35.031" starttime="20191120 15:40:35.023"></status>
</kw>
<kw name="Get Header Details" library="test_bed_parser">
<kw name="Set Headers" library="REST">
<tags>
<tag>settings</tag>
</tags>
<doc>*Sets new request headers or updates the existing.*</doc>
<arguments>
<arg>headers={"Authorization":"token my-test-token","X-USER":"1","X-TENANT-ID":"masterdemotest.gtmail.gr8hr.biz"}</arg>
</arguments>
<status status="PASS" endtime="20191120 15:40:35.035" starttime="20191120 15:40:35.033"></status>
</kw>
<status status="PASS" endtime="20191120 15:40:35.036" starttime="20191120 15:40:35.032"></status>
</kw>
<kw name="Post" library="REST">
<tags>
<tag>http</tag>
</tags>
<doc>*Sends a POST request to the endpoint.*</doc>
<arguments>
<arg>${api_url}</arg>
<arg>${test_bed_file}</arg>
</arguments>
<status status="PASS" endtime="20191120 15:40:36.378" starttime="20191120 15:40:35.036"></status>
</kw>
<kw name="Output Schema" library="REST">
<tags>
<tag>I/O</tag>
</tags>
<doc>*Outputs JSON Schema to terminal or a file.*</doc>
<arguments>
<arg>response body</arg>
<arg>append=False</arg>
<arg>sort_keys=False</arg>
</arguments>
<msg timestamp="20191120 15:40:36.381" level="INFO">
{
    "required": [
        "docDigest",
        "documentNo",
        "employee",
        "expiryDate",
        "guid",
        "id",
        "idType",
        "ifscCode",
        "nameAsPerDoc",
        "retryCount",
        "retryException",
        "retryTime",
        "verified",
        "verifiedDate"
    ],
    "type": "object",
    "properties": {
        "documentNo": {
            "default": "KA05 255455",
            "type": "string"
        },
        "idType": {
            "default": 6,
            "type": "integer"
        },
        "docDigest": {
            "default": "aace261e55aaa058bba2221b99c5d1e0c692e85c2491489ea1dc825a47507600",
            "type": "string"
        },
        "verified": {
            "default": true,
            "type": "boolean"
        },
        "ifscCode": {
            "default": "",
            "type": "string"
        },
        "nameAsPerDoc": {
            "default": "Shruthi Shetty",
            "type": "string"
        },
        "expiryDate": {
            "default": "2022-01-01",
            "type": "string"
        },
        "retryTime": {
            "default": null,
            "type": "null"
        },
        "verifiedDate": {
            "default": "2019-02-25",
            "type": "string"
        },
        "retryException": {
            "default": null,
            "type": "null"
        },
        "employee": {
            "default": 17,
            "type": "integer"
        },
        "retryCount": {
            "default": 0,
            "type": "integer"
        },
        "guid": {
            "default": "84c20f39-d2d4-4780-afa0-ef4071bac84c",
            "type": "string"
        },
        "id": {
            "default": 162,
            "type": "integer"
        }
    }
}</msg>
<status status="PASS" endtime="20191120 15:40:36.401" starttime="20191120 15:40:36.379"></status>
</kw>
<kw name="Output" library="REST">
<tags>
<tag>I/O</tag>
</tags>
<doc>*Outputs JSON to terminal or a file.*</doc>
<arguments>
<arg>$..guid</arg>
</arguments>
<msg timestamp="20191120 15:40:36.460" level="INFO">
"84c20f39-d2d4-4780-afa0-ef4071bac84c"</msg>
<status status="PASS" endtime="20191120 15:40:36.461" starttime="20191120 15:40:36.402"></status>
</kw>
<kw name="Integer" library="REST">
<tags>
<tag>assertions</tag>
</tags>
<doc>*Asserts the field as JSON integer.*</doc>
<arguments>
<arg>response status</arg>
<arg>200</arg>
</arguments>
<status status="PASS" endtime="20191120 15:40:36.463" starttime="20191120 15:40:36.461"></status>
</kw>
<kw name="Object" library="REST">
<tags>
<tag>assertions</tag>
</tags>
<doc>*Asserts the field as JSON object.*</doc>
<arguments>
<arg>response body</arg>
<arg>required=["documentNo", "employee","expiryDate","idType","ifscCode","nameAsPerDoc","verified","verifiedDate"]</arg>
</arguments>
<status status="PASS" endtime="20191120 15:40:36.467" starttime="20191120 15:40:36.464"></status>
</kw>
<kw name="Integer" library="REST">
<tags>
<tag>assertions</tag>
</tags>
<doc>*Asserts the field as JSON integer.*</doc>
<arguments>
<arg>response status</arg>
<arg>200</arg>
</arguments>
<status status="PASS" endtime="20191120 15:40:36.470" starttime="20191120 15:40:36.468"></status>
</kw>
<kw name="Integer" library="REST">
<tags>
<tag>assertions</tag>
</tags>
<doc>*Asserts the field as JSON integer.*</doc>
<arguments>
<arg>response body idType</arg>
<arg>6</arg>
</arguments>
<status status="PASS" endtime="20191120 15:40:36.472" starttime="20191120 15:40:36.471"></status>
</kw>
<kw name="Integer" library="REST">
<tags>
<tag>assertions</tag>
</tags>
<doc>*Asserts the field as JSON integer.*</doc>
<arguments>
<arg>response body employee</arg>
<arg>17</arg>
</arguments>
<status status="PASS" endtime="20191120 15:40:36.473" starttime="20191120 15:40:36.472"></status>
</kw>
<kw name="String" library="REST">
<tags>
<tag>assertions</tag>
</tags>
<doc>*Asserts the field as JSON string.*</doc>
<arguments>
<arg>response body documentNo</arg>
<arg>KA05 255455</arg>
</arguments>
<status status="PASS" endtime="20191120 15:40:36.475" starttime="20191120 15:40:36.474"></status>
</kw>
<kw name="String" library="REST">
<tags>
<tag>assertions</tag>
</tags>
<doc>*Asserts the field as JSON string.*</doc>
<arguments>
<arg>response body nameAsPerDoc</arg>
<arg>Shruthi Shetty</arg>
</arguments>
<status status="PASS" endtime="20191120 15:40:36.478" starttime="20191120 15:40:36.476"></status>
</kw>
<kw name="String" library="REST">
<tags>
<tag>assertions</tag>
</tags>
<doc>*Asserts the field as JSON string.*</doc>
<arguments>
<arg>response body ifscCode</arg>
</arguments>
<status status="PASS" endtime="20191120 15:40:36.479" starttime="20191120 15:40:36.478"></status>
</kw>
<kw name="String" library="REST">
<tags>
<tag>assertions</tag>
</tags>
<doc>*Asserts the field as JSON string.*</doc>
<arguments>
<arg>response body expiryDate</arg>
<arg>2022-01-01</arg>
</arguments>
<status status="PASS" endtime="20191120 15:40:36.481" starttime="20191120 15:40:36.480"></status>
</kw>
<kw name="Boolean" library="REST">
<tags>
<tag>assertions</tag>
</tags>
<doc>*Asserts the field as JSON boolean.*</doc>
<arguments>
<arg>response body verified</arg>
<arg>true</arg>
</arguments>
<status status="PASS" endtime="20191120 15:40:36.484" starttime="20191120 15:40:36.481"></status>
</kw>
<kw name="String" library="REST">
<tags>
<tag>assertions</tag>
</tags>
<doc>*Asserts the field as JSON string.*</doc>
<arguments>
<arg>response body verifiedDate</arg>
<arg>2019-02-25</arg>
</arguments>
<status status="PASS" endtime="20191120 15:40:36.485" starttime="20191120 15:40:36.484"></status>
</kw>
<kw name="Output" library="REST">
<tags>
<tag>I/O</tag>
</tags>
<doc>*Outputs JSON to terminal or a file.*</doc>
<arguments>
<arg>$..guid</arg>
</arguments>
<assign>
<var>${identity_id}</var>
</assign>
<msg timestamp="20191120 15:40:36.537" level="INFO">
"84c20f39-d2d4-4780-afa0-ef4071bac84c"</msg>
<msg timestamp="20191120 15:40:36.538" level="INFO">${identity_id} = 84c20f39-d2d4-4780-afa0-ef4071bac84c</msg>
<status status="PASS" endtime="20191120 15:40:36.538" starttime="20191120 15:40:36.487"></status>
</kw>
<kw name="Catenate" library="BuiltIn">
<doc>Catenates the given items together and returns the resulted string.</doc>
<arguments>
<arg>SEPARATOR=</arg>
<arg>${api_url}</arg>
<arg>${identity_id}</arg>
</arguments>
<assign>
<var>${Req}</var>
</assign>
<msg timestamp="20191120 15:40:36.540" level="INFO">${Req} = http://pivault.greythr.gr8hr.biz/pivault/v1/identities/84c20f39-d2d4-4780-afa0-ef4071bac84c</msg>
<status status="PASS" endtime="20191120 15:40:36.540" starttime="20191120 15:40:36.539"></status>
</kw>
<kw name="Get" library="REST">
<tags>
<tag>http</tag>
</tags>
<doc>*Sends a GET request to the endpoint.*</doc>
<arguments>
<arg>${Req}</arg>
</arguments>
<status status="PASS" endtime="20191120 15:40:36.685" starttime="20191120 15:40:36.541"></status>
</kw>
<kw name="Output Schema" library="REST">
<tags>
<tag>I/O</tag>
</tags>
<doc>*Outputs JSON Schema to terminal or a file.*</doc>
<arguments>
<arg>response body</arg>
</arguments>
<msg timestamp="20191120 15:40:36.687" level="INFO">
{
    "required": [
        "docDigest",
        "documentNo",
        "employee",
        "expiryDate",
        "guid",
        "id",
        "idType",
        "ifscCode",
        "nameAsPerDoc",
        "retryCount",
        "retryException",
        "retryTime",
        "verified",
        "verifiedDate"
    ],
    "type": "object",
    "properties": {
        "documentNo": {
            "default": "KA05 255455",
            "type": "string"
        },
        "idType": {
            "default": 6,
            "type": "integer"
        },
        "docDigest": {
            "default": "aace261e55aaa058bba2221b99c5d1e0c692e85c2491489ea1dc825a47507600",
            "type": "string"
        },
        "verified": {
            "default": true,
            "type": "boolean"
        },
        "ifscCode": {
            "default": "",
            "type": "string"
        },
        "nameAsPerDoc": {
            "default": "Shruthi Shetty",
            "type": "string"
        },
        "expiryDate": {
            "default": "2022-01-01",
            "type": "string"
        },
        "retryTime": {
            "default": null,
            "type": "null"
        },
        "verifiedDate": {
            "default": "2019-02-25",
            "type": "string"
        },
        "retryException": {
            "default": null,
            "type": "null"
        },
        "employee": {
            "default": 17,
            "type": "integer"
        },
        "retryCount": {
            "default": 0,
            "type": "integer"
        },
        "guid": {
            "default": "84c20f39-d2d4-4780-afa0-ef4071bac84c",
            "type": "string"
        },
        "id": {
            "default": 162,
            "type": "integer"
        }
    }
}</msg>
<status status="PASS" endtime="20191120 15:40:36.693" starttime="20191120 15:40:36.686"></status>
</kw>
<kw name="Object" library="REST">
<tags>
<tag>assertions</tag>
</tags>
<doc>*Asserts the field as JSON object.*</doc>
<arguments>
<arg>response body</arg>
<arg>required=["documentNo", "employee","expiryDate","idType","ifscCode","nameAsPerDoc","verified","verifiedDate"]</arg>
</arguments>
<status status="PASS" endtime="20191120 15:40:36.697" starttime="20191120 15:40:36.694"></status>
</kw>
<kw name="Integer" library="REST">
<tags>
<tag>assertions</tag>
</tags>
<doc>*Asserts the field as JSON integer.*</doc>
<arguments>
<arg>response status</arg>
<arg>200</arg>
</arguments>
<status status="PASS" endtime="20191120 15:40:36.699" starttime="20191120 15:40:36.698"></status>
</kw>
<kw name="Integer" library="REST">
<tags>
<tag>assertions</tag>
</tags>
<doc>*Asserts the field as JSON integer.*</doc>
<arguments>
<arg>response body idType</arg>
<arg>6</arg>
</arguments>
<status status="PASS" endtime="20191120 15:40:36.701" starttime="20191120 15:40:36.700"></status>
</kw>
<kw name="Integer" library="REST">
<tags>
<tag>assertions</tag>
</tags>
<doc>*Asserts the field as JSON integer.*</doc>
<arguments>
<arg>response body employee</arg>
<arg>17</arg>
</arguments>
<status status="PASS" endtime="20191120 15:40:36.703" starttime="20191120 15:40:36.702"></status>
</kw>
<kw name="String" library="REST">
<tags>
<tag>assertions</tag>
</tags>
<doc>*Asserts the field as JSON string.*</doc>
<arguments>
<arg>response body documentNo</arg>
<arg>KA05 255455</arg>
</arguments>
<status status="PASS" endtime="20191120 15:40:36.705" starttime="20191120 15:40:36.704"></status>
</kw>
<kw name="String" library="REST">
<tags>
<tag>assertions</tag>
</tags>
<doc>*Asserts the field as JSON string.*</doc>
<arguments>
<arg>response body nameAsPerDoc</arg>
<arg>Shruthi Shetty</arg>
</arguments>
<status status="PASS" endtime="20191120 15:40:36.707" starttime="20191120 15:40:36.706"></status>
</kw>
<kw name="String" library="REST">
<tags>
<tag>assertions</tag>
</tags>
<doc>*Asserts the field as JSON string.*</doc>
<arguments>
<arg>response body ifscCode</arg>
</arguments>
<status status="PASS" endtime="20191120 15:40:36.709" starttime="20191120 15:40:36.707"></status>
</kw>
<kw name="String" library="REST">
<tags>
<tag>assertions</tag>
</tags>
<doc>*Asserts the field as JSON string.*</doc>
<arguments>
<arg>response body expiryDate</arg>
<arg>2022-01-01</arg>
</arguments>
<status status="PASS" endtime="20191120 15:40:36.711" starttime="20191120 15:40:36.709"></status>
</kw>
<kw name="Boolean" library="REST">
<tags>
<tag>assertions</tag>
</tags>
<doc>*Asserts the field as JSON boolean.*</doc>
<arguments>
<arg>response body verified</arg>
<arg>true</arg>
</arguments>
<status status="PASS" endtime="20191120 15:40:36.713" starttime="20191120 15:40:36.711"></status>
</kw>
<kw name="String" library="REST">
<tags>
<tag>assertions</tag>
</tags>
<doc>*Asserts the field as JSON string.*</doc>
<arguments>
<arg>response body verifiedDate</arg>
<arg>2019-02-25</arg>
</arguments>
<status status="PASS" endtime="20191120 15:40:36.715" starttime="20191120 15:40:36.713"></status>
</kw>
<kw name="Get Test Bed File Put Request Withoutmask" library="test_bed_parser">
<assign>
<var>${test_bed_file}</var>
</assign>
<kw name="Get Home Dir" library="misc_utilties">
<assign>
<var>${home_dir}</var>
</assign>
<kw name="Set Variable" library="BuiltIn">
<doc>Returns the given values which can then be assigned to a variables.</doc>
<arguments>
<arg>F:\\APItesting\\PivalutAPI\\utilities\\misc_utilities/../..</arg>
</arguments>
<assign>
<var>${home_dir}</var>
</assign>
<msg timestamp="20191120 15:40:36.719" level="INFO">${home_dir} = F:\APItesting\PivalutAPI\utilities\misc_utilities/../..</msg>
<status status="PASS" endtime="20191120 15:40:36.719" starttime="20191120 15:40:36.718"></status>
</kw>
<msg timestamp="20191120 15:40:36.720" level="INFO">${home_dir} = F:\APItesting\PivalutAPI\utilities\misc_utilities/../..</msg>
<status status="PASS" endtime="20191120 15:40:36.721" starttime="20191120 15:40:36.717"></status>
</kw>
<kw name="Get File" library="OperatingSystem">
<doc>Returns the contents of a specified file.</doc>
<arguments>
<arg>${home_dir}//config//api_put_withoutmask.json</arg>
</arguments>
<assign>
<var>${test_bed_file}</var>
</assign>
<msg timestamp="20191120 15:40:36.722" html="yes" level="INFO">Getting file '&lt;a href="file://F:\APItesting\PivalutAPI\config\api_put_withoutmask.json"&gt;F:\APItesting\PivalutAPI\config\api_put_withoutmask.json&lt;/a&gt;'.</msg>
<msg timestamp="20191120 15:40:36.723" level="INFO">${test_bed_file} = {
	"idType" : 6,
	"employee" : 17,
	"documentNo" : "KA01 7333",
	"nameAsPerDoc" : "Shruthi Shetty",
	"ifscCode" : "",
	"expiryDate": "2023-01-01T00:00:00",
	"verified": true,
	"verifiedDate": "2019-02...</msg>
<status status="PASS" endtime="20191120 15:40:36.723" starttime="20191120 15:40:36.721"></status>
</kw>
<msg timestamp="20191120 15:40:36.724" level="INFO">${test_bed_file} = {
	"idType" : 6,
	"employee" : 17,
	"documentNo" : "KA01 7333",
	"nameAsPerDoc" : "Shruthi Shetty",
	"ifscCode" : "",
	"expiryDate": "2023-01-01T00:00:00",
	"verified": true,
	"verifiedDate": "2019-02...</msg>
<status status="PASS" endtime="20191120 15:40:36.724" starttime="20191120 15:40:36.716"></status>
</kw>
<kw name="Get Header Details" library="test_bed_parser">
<kw name="Set Headers" library="REST">
<tags>
<tag>settings</tag>
</tags>
<doc>*Sets new request headers or updates the existing.*</doc>
<arguments>
<arg>headers={"Authorization":"token my-test-token","X-USER":"1","X-TENANT-ID":"masterdemotest.gtmail.gr8hr.biz"}</arg>
</arguments>
<status status="PASS" endtime="20191120 15:40:36.726" starttime="20191120 15:40:36.725"></status>
</kw>
<status status="PASS" endtime="20191120 15:40:36.726" starttime="20191120 15:40:36.725"></status>
</kw>
<kw name="Put" library="REST">
<tags>
<tag>http</tag>
</tags>
<doc>*Sends a PUT request to the endpoint.*</doc>
<arguments>
<arg>${Req}</arg>
<arg>${test_bed_file}</arg>
</arguments>
<status status="PASS" endtime="20191120 15:40:36.962" starttime="20191120 15:40:36.727"></status>
</kw>
<kw name="Output Schema" library="REST">
<tags>
<tag>I/O</tag>
</tags>
<doc>*Outputs JSON Schema to terminal or a file.*</doc>
<arguments>
<arg>response body</arg>
</arguments>
<msg timestamp="20191120 15:40:36.967" level="INFO">
{
    "required": [
        "docDigest",
        "documentNo",
        "employee",
        "expiryDate",
        "guid",
        "id",
        "idType",
        "ifscCode",
        "nameAsPerDoc",
        "retryCount",
        "retryException",
        "retryTime",
        "verified",
        "verifiedDate"
    ],
    "type": "object",
    "properties": {
        "documentNo": {
            "default": "KA01 7333",
            "type": "string"
        },
        "idType": {
            "default": 6,
            "type": "integer"
        },
        "docDigest": {
            "default": "90fd30a3acbbbf025e112f068472f6ae5fab9a808533149b5dac920297a267da",
            "type": "string"
        },
        "verified": {
            "default": true,
            "type": "boolean"
        },
        "ifscCode": {
            "default": "",
            "type": "string"
        },
        "nameAsPerDoc": {
            "default": "Shruthi Shetty",
            "type": "string"
        },
        "expiryDate": {
            "default": "2023-01-01",
            "type": "string"
        },
        "retryTime": {
            "default": null,
            "type": "null"
        },
        "verifiedDate": {
            "default": "2019-02-25",
            "type": "string"
        },
        "retryException": {
            "default": null,
            "type": "null"
        },
        "employee": {
            "default": 17,
            "type": "integer"
        },
        "retryCount": {
            "default": 0,
            "type": "integer"
        },
        "guid": {
            "default": "84c20f39-d2d4-4780-afa0-ef4071bac84c",
            "type": "string"
        },
        "id": {
            "default": 162,
            "type": "integer"
        }
    }
}</msg>
<status status="PASS" endtime="20191120 15:40:36.979" starttime="20191120 15:40:36.964"></status>
</kw>
<kw name="Object" library="REST">
<tags>
<tag>assertions</tag>
</tags>
<doc>*Asserts the field as JSON object.*</doc>
<arguments>
<arg>response body</arg>
<arg>required=["documentNo", "employee","expiryDate","idType","ifscCode","nameAsPerDoc","verified","verifiedDate"]</arg>
</arguments>
<status status="PASS" endtime="20191120 15:40:36.986" starttime="20191120 15:40:36.981"></status>
</kw>
<kw name="Integer" library="REST">
<tags>
<tag>assertions</tag>
</tags>
<doc>*Asserts the field as JSON integer.*</doc>
<arguments>
<arg>response status</arg>
<arg>200</arg>
</arguments>
<status status="PASS" endtime="20191120 15:40:36.990" starttime="20191120 15:40:36.988"></status>
</kw>
<kw name="Integer" library="REST">
<tags>
<tag>assertions</tag>
</tags>
<doc>*Asserts the field as JSON integer.*</doc>
<arguments>
<arg>response body idType</arg>
<arg>6</arg>
</arguments>
<status status="PASS" endtime="20191120 15:40:36.993" starttime="20191120 15:40:36.991"></status>
</kw>
<kw name="Integer" library="REST">
<tags>
<tag>assertions</tag>
</tags>
<doc>*Asserts the field as JSON integer.*</doc>
<arguments>
<arg>response body employee</arg>
<arg>17</arg>
</arguments>
<status status="PASS" endtime="20191120 15:40:36.995" starttime="20191120 15:40:36.993"></status>
</kw>
<kw name="String" library="REST">
<tags>
<tag>assertions</tag>
</tags>
<doc>*Asserts the field as JSON string.*</doc>
<arguments>
<arg>response body documentNo</arg>
<arg>KA01 7333</arg>
</arguments>
<status status="PASS" endtime="20191120 15:40:36.997" starttime="20191120 15:40:36.996"></status>
</kw>
<kw name="String" library="REST">
<tags>
<tag>assertions</tag>
</tags>
<doc>*Asserts the field as JSON string.*</doc>
<arguments>
<arg>response body nameAsPerDoc</arg>
<arg>Shruthi Shetty</arg>
</arguments>
<status status="PASS" endtime="20191120 15:40:37.000" starttime="20191120 15:40:36.998"></status>
</kw>
<kw name="String" library="REST">
<tags>
<tag>assertions</tag>
</tags>
<doc>*Asserts the field as JSON string.*</doc>
<arguments>
<arg>response body ifscCode</arg>
</arguments>
<status status="PASS" endtime="20191120 15:40:37.003" starttime="20191120 15:40:37.001"></status>
</kw>
<kw name="String" library="REST">
<tags>
<tag>assertions</tag>
</tags>
<doc>*Asserts the field as JSON string.*</doc>
<arguments>
<arg>response body expiryDate</arg>
<arg>2023-01-01</arg>
</arguments>
<status status="PASS" endtime="20191120 15:40:37.005" starttime="20191120 15:40:37.004"></status>
</kw>
<kw name="Boolean" library="REST">
<tags>
<tag>assertions</tag>
</tags>
<doc>*Asserts the field as JSON boolean.*</doc>
<arguments>
<arg>response body verified</arg>
<arg>true</arg>
</arguments>
<status status="PASS" endtime="20191120 15:40:37.008" starttime="20191120 15:40:37.006"></status>
</kw>
<kw name="String" library="REST">
<tags>
<tag>assertions</tag>
</tags>
<doc>*Asserts the field as JSON string.*</doc>
<arguments>
<arg>response body verifiedDate</arg>
<arg>2019-02-25</arg>
</arguments>
<status status="PASS" endtime="20191120 15:40:37.010" starttime="20191120 15:40:37.009"></status>
</kw>
<status status="PASS" endtime="20191120 15:40:37.011" starttime="20191120 15:40:35.022"></status>
</kw>
<tags>
<tag>SingleAPI</tag>
</tags>
<status status="PASS" endtime="20191120 15:40:37.011" critical="yes" starttime="20191120 15:40:35.021"></status>
</test>
<status status="PASS" endtime="20191120 15:40:37.012" starttime="20191120 15:40:34.194"></status>
</suite>
<status status="PASS" endtime="20191120 15:40:37.014" starttime="20191120 15:40:34.191"></status>
</suite>
<status status="PASS" endtime="20191120 15:40:37.017" starttime="20191120 15:40:34.161"></status>
</suite>
<statistics>
<total>
<stat fail="0" pass="1">Critical Tests</stat>
<stat fail="0" pass="1">All Tests</stat>
</total>
<tag>
<stat fail="0" pass="1">SingleAPI</stat>
</tag>
<suite>
<stat fail="0" id="s1" name="PivalutAPI" pass="1">PivalutAPI</stat>
<stat fail="0" id="s1-s1" name="Test Suites" pass="1">PivalutAPI.Test Suites</stat>
<stat fail="0" id="s1-s1-s1" name="SingleAPI" pass="1">PivalutAPI.Test Suites.SingleAPI</stat>
</suite>
</statistics>
<errors>
</errors>
</robot>
