<?xml version="1.0" encoding="UTF-8" standalone="yes"?>
<projectConfiguration>
    <configVersion>2</configVersion>
    <relativeTo>WORKSPACE</relativeTo>
    <referencedLibrary type="PYTHON" name="RequestsLibrary" path="C:/Python27/lib/site-packages/RequestsLibrary"/>
    <referencedLibrary type="PYTHON" name="REST" path="C:/Python27/lib/site-packages/REST"/>
    <referencedLibrary type="PYTHON" name="DatabaseLibrary" path="C:/Python27/lib/site-packages/DatabaseLibrary"/>
    <pythonpath/>
    <classpath/>
    <excludedForValidation>
        <excludedPath path="red.xml"/>
    </excludedForValidation>
    <isValidatedFileSizeCheckingEnabled>true</isValidatedFileSizeCheckingEnabled>
    <validatedFileMaxSize>1024</validatedFileMaxSize>
</projectConfiguration>
